Customer ID,Gender,Age,Married,Dependents,Number of Dependents,Country,State,City,Zip Code,Latitude,Longitude,Population,Quarter,Referred a Friend,Number of Referrals,Tenure in Months,Offer,Phone Service,Avg Monthly Long Distance Charges,Multiple Lines,Internet Type,Avg Monthly GB Download,Online Security,Online Backup,Device Protection Plan,Premium Tech Support,Streaming TV,Streaming Movies,Streaming Music,Avg Monthly GB Streaming Movies,Avg Monthly GB Streaming Music,Avg Monthly GB Streaming TV,Unlimited Data,Contract,Paperless Billing,Payment Method,Monthly Charge,Total Charges,Total Refunds,Total Extra Data Charges,Total Long Distance Charges,Total Revenue,Customer Status,Churn Score,Churn Category,Churn Reason
1732-VHUBQ,Female,73.0,YES,no,0.0,united states,California,Escondido,92027.0,33.141265,-116.967221,48690.0,Q3,Yes,1.0,47.0,,YES,26.95,No,Fiber Optic,26.0,no,No,NO,No,no,No,No,0,0,0,Yes,MONTH-TO-MONTH,No,bank withdrawal,70.55,3309.25,26.99,0.0,1266.65,4548.91,churned,82.0,Competitor,Competitor made better offer
6292-TOSSS,Male,64.0,No,No,0.0,United States,CALIFORNIA,Mt Baldy,91759.0,34.231318,-117.662032,47.0,Q3,No,0.0,50.0,Offer B,YES,47.16,Yes,NONE,0.0,No,No,No,No,No,no,No,0,0,0,no,two year,no,Bank Withdrawal,24.9,1195.25,0.0,0.0,2358.0,3553.25,Stayed,,,
2546-KZAAT,male,28.0,Yes,No,0.0,United States,CALIFORNIA,san diego,92119.0,32.802959,-117.027095,21866.0,Q3,Yes,9.0,52.0,,Yes,10.4,NO,DSL,85.0,Yes,yes,No,No,YES,Yes,yes,0,0,0,Yes,ONE YEAR,YES,Credit Card,75.4,3865.45,0.0,0.0,540.8000000000001,4406.25,Stayed,59.0,,
4946-EDSEW,Female,35.0,YES,Yes,3.0,United States,CALIFORNIA,Compton,90221.0,33.885811,-118.206459,51387.0,Q3,Yes,1.0,11.0,Offer D,YES,29.01,NO,NONE,0.0,No,no,NO,No,No,No,no,0,0,0,No,MONTH-TO-MONTH,Yes,credit card,19.25,180.3,0.0,0.0,319.11,499.41,Churned,69.0,Attitude,Attitude of support person
9061-TIHDA,Male,67.0,Yes,no,0.0,United States,California,Murrieta,92563.0,33.581045,-117.14719,18311.0,Q3,Yes,1.0,13.0,NONE,Yes,31.7,Yes,Cable,6.0,No,No,no,No,Yes,Yes,Yes,0,1,0,Yes,Month-to-Month,Yes,Bank Withdrawal,,1233.65,48.09,0.0,412.1,1597.66,Churned,90.0,Competitor,Competitor had better devices
9576-ANLXO,FEMALE,30.0,no,No,0.0,UNITED STATES,CALIFORNIA,earlimart,93219.0,35.858054,-119.305858,9318.0,q3,No,0.0,3.0,,Yes,1649.26,No,FIBER OPTIC,30.0,NO,no,NO,No,No,No,No,0,0,0,YES,MONTH-TO-MONTH,Yes,Bank Withdrawal,69.55,222.3,0.0,0.0,78.78,301.08000000000004,CHURNED,87.0,Competitor,Competitor offered higher download speeds
9637-CDTKZ,Male,64.0,Yes,No,0.0,United States,California,Fallbrook,92028.0,33.362575,-117.299644,42239.0,Q3,Yes,6.0,72.0,none,Yes,23.27,Yes,Fiber Optic,9047.0,yes,YES,Yes,Yes,Yes,Yes,Yes,1,0,2,Yes,two year,Yes,Credit Card,,8086.4,0.0,0.0,1675.44,9761.84,Stayed,61.0,,
2608-BHKFN,FEMALE,46.0,NO,No,0.0,UNITED STATES,California,Berkeley,94703.0,37.863843,-122.275684,19763.0,Q3,No,0.0,4.0,,Yes,12.58,NO,Fiber Optic,19.0,No,no,No,No,No,No,no,0,0,0,yes,Month-to-Month,YES,Credit Card,70.05,266.9,0.0,0.0,50.32,317.22,CHURNED,89.0,Competitor,Competitor had better devices
1925-LFCZZ,Male,71.0,No,NO,0.0,united states,california,Potrero,91963.0,32.619465,-116.593605,905.0,Q3,No,0.0,55.0,,No,0.0,NO,DSL,23.0,NO,NO,yes,No,Yes,Yes,No,0,0,3,Yes,One Year,Yes,BANK WITHDRAWAL,50.05,2743.45,0.0,0.0,0.0,2743.45,Stayed,70.0,,
2108-xwmpy,MALE,29.0,no,No,0.0,United States,California,cabazon,92230.0,33.929812,-116.76058,2355.0,q3,no,0.0,3.0,none,No,0.0,no,DSL,85.0,Yes,YES,No,No,NO,No,No,0,0,0,Yes,MONTH-TO-MONTH,yes,Credit Card,35.45,106.85,0.0,0.0,0.0,106.85,CHURNED,70.0,Other,Moved
6815-ABQFQ,male,53.0,yes,No,0.0,united states,California,Silverado,92676.0,33.782346,-117.635263,1859.0,Q3,yes,1.0,56.0,none,Yes,14.43,Yes,FIBER OPTIC,25.0,No,Yes,No,Yes,Yes,Yes,Yes,2,0,0,yes,ONE YEAR,Yes,bank withdrawal,107.25,6033.3,0.0,0.0,808.0799999999999,6841.38,Stayed,70.0,,
1032-MAELW,Female,57.0,YES,Yes,3.0,United States,california,fresno,93703.0,36.768774,-119.762633,31180.0,Q3,YES,8.0,68.0,NONE,Yes,7.47,Yes,DSL,29.0,Yes,Yes,YES,Yes,NO,Yes,YES,3,0,0,YES,one year,YES,Bank Withdrawal,78.45,5333.35,0.0,0.0,507.96,5841.31,STAYED,67.0,,
2876-GZYZC,FEMALE,49.0,No,no,0.0,United States,California,CERRITOS,90703.0,33.8681,-118.067402,51556.0,Q3,NO,0.0,13.0,,Yes,29.21,Yes,fiber optic,22.0,No,No,No,No,No,Yes,yes,0,0,0,yes,Month-to-Month,YES,Bank Withdrawal,85.95,1215.65,0.0,0.0,379.73,1595.38,Stayed,58.0,,
4425-OWHWB,female,32.0,No,no,4141.0,united states,California,El Cajon,92019.0,32.785165,-116.862648,45714.0,Q3,No,0.0,20.0,none,Yes,10.9,No,,0.0,NO,no,No,NO,No,No,No,0,0,0,NO,One Year,Yes,Credit Card,19.35,433.75,0.0,0.0,218.0,651.75,stayed,77.0,,
5993-JSUWV,Female,25.0,No,No,0.0,United States,CALIFORNIA,columbia,95310.0,38.085839,-120.37855,2144.0,Q3,No,0.0,66.0,,Yes,21.37,No,DSL,30.0,Yes,Yes,Yes,No,no,NO,no,0,2,0,Yes,Two Year,Yes,Bank Withdrawal,61.15,4017.45,0.0,0.0,1410.42,5427.87,Stayed,66.0,,
3841-CONLJ,Female,33.0,Yes,No,0.0,United States,California,MORRO BAY,93442.0,35.369553,-120.763864,10909.0,Q3,yes,9.0,1.0,,NO,0.0,No,dsl,14.0,No,No,No,no,No,yes,Yes,0,0,0,Yes,Month-to-Month,NO,bank withdrawal,35.0,35.0,0.0,0.0,0.0,35.0,JOINED,54.0,,
0565-JUPYD,MALE,26.0,NO,no,0.0,United States,California,BENICIA,94510.0,38.113533,-122.11926,25578.0,Q3,NO,0.0,63.0,none,yes,21.45,Yes,FIBER OPTIC,85.0,Yes,yes,Yes,Yes,yes,No,No,1,0,0,Yes,One Year,NO,Credit Card,104.5,6590.8,0.0,0.0,1351.35,7942.15,Stayed,43.0,,
7365-BVCJH,Male,,No,no,0.0,UNITED STATES,california,Trinity Center,96091.0,41.081847,-122.700545,734.0,Q3,NO,0.0,1.0,OFFER E,No,0.0,No,dsl,6.0,no,No,No,No,No,No,No,0,0,0,YES,Month-to-Month,YES,Bank Withdrawal,24.4,24.4,0.0,0.0,0.0,24.4,Joined,66.0,,
3786-WOVKF,Female,69.0,YES,No,0.0,United States,California,Anaheim,92807.0,33.848733,-117.788357,36301.0,Q3,YES,8.0,72.0,OFFER A,Yes,7.85,yes,FIBER OPTIC,20.0,Yes,YES,No,No,Yes,Yes,Yes,1,0,0,No,One Year,yes,Bank Withdrawal,106.85,7677.4,0.0,100.0,565.1999999999999,8342.6,Stayed,58.0,,
4632-xjmex,Male,20.0,No,YES,2.0,UNITED STATES,California,Fresno,93650.0,36.841655,-119.797113,3258.0,Q3,no,0.0,53.0,Offer B,YES,47.81,No,cable,59.0,yes,YES,NO,YES,no,No,NO,0,2,0,yes,One Year,no,Credit Card,62.85,3419.5,0.0,0.0,2533.9300000000003,5953.43,Stayed,24.0,,
0319-QZTCO,Female,25.0,Yes,Yes,2.0,United States,CALIFORNIA,santa rosa,95401.0,38.460517,-122.790335,36125.0,q3,yes,9.0,,offer e,YES,11.47,NO,dsl,51.0,no,Yes,No,No,Yes,No,no,0,0,1,Yes,month-to-month,yes,Credit Card,58.7,168.6,0.0,0.0,34.410000000000004,203.01,JOINED,52.0,,
3068-omwza,Male,77.0,No,No,0.0,united states,California,Round Mountain,96084.0,40.923558,-122.059933,459.0,Q3,No,0.0,1.0,NONE,Yes,49.6,yes,Fiber Optic,4096.0,no,No,yes,no,Yes,No,No,0,0,0,no,MONTH-TO-MONTH,Yes,Bank Withdrawal,88.8,88.8,0.0,10.0,49.6,148.4,Churned,91.0,Competitor,Competitor made better offer
8909-BOLNL,Male,40.0,no,No,0.0,UNITED STATES,California,San Francisco,94123.0,37.800254,-122.436975,22920.0,q3,NO,0.0,3.0,,Yes,12.05,No,,0.0,NO,No,NO,No,No,No,No,1,0,0,No,One Year,No,Credit Card,21.2,52.05,0.0,0.0,36.150000000000006,88.2,Joined,29.0,,
5119-NZPTV,male,70.0,YES,No,0.0,United States,California,Sacramento,95823.0,38.475465,-121.443625,72199.0,Q3,Yes,9.0,2.0,Offer E,Yes,34.99,no,Fiber Optic,24.0,No,NO,No,No,No,No,No,0,0,0,Yes,MONTH-TO-MONTH,No,Bank Withdrawal,70.1,141.65,0.0,0.0,69.98,211.63,Joined,74.0,,
0268-QKIWO,female,41.0,no,no,0.0,United States,California,PILOT HILL,95664.0,38.803731,-121.043799,1173.0,q3,No,0.0,3.0,Offer E,Yes,3448.63,No,NONE,0.0,No,no,no,No,no,No,no,0,1,0,No,Month-to-Month,No,Bank Withdrawal,19.75,58.85,0.0,0.0,73.89,132.74,Churned,83.0,Attitude,Attitude of support person
4377-vdhyi,Male,29.0,Yes,YES,3.0,United States,California,Patterson,95363.0,37.410236,-121.320337,15536.0,q3,Yes,6.0,32.0,NONE,Yes,36.65,No,fiber optic,69.0,yes,Yes,No,No,No,yes,Yes,0,1,0,Yes,One Year,Yes,BANK WITHDRAWAL,90.8,3023.85,0.0,0.0,1172.8,4196.65,Stayed,80.0,,
6828-HMKWP,Male,24.0,Yes,Yes,1.0,UNITED STATES,CALIFORNIA,Berkeley,94710.0,37.872902,-122.303708,8157.0,q3,Yes,3.0,12.0,none,YES,49.7,no,none,0.0,No,No,no,No,No,No,No,0,0,2,No,Two Year,No,Bank Withdrawal,21.05,262.05,0.0,0.0,596.4000000000001,858.45,Stayed,25.0,,
4806-HIPDW,Female,64.0,Yes,No,0.0,United States,California,Calimesa,92320.0,33.982787,-117.057627,7334.0,Q3,Yes,1.0,1.0,OFFER E,Yes,21.65,No,fiber optic,13.0,No,No,No,NO,No,NO,no,0,0,0,yes,Month-to-Month,Yes,BANK WITHDRAWAL,68.95,68.95,0.0,0.0,21.65,90.6,Churned,75.0,Dissatisfaction,Limited range of services
3070-BDOQC,Female,38.0,No,No,0.0,United States,California,Sacramento,95827.0,38.549185,-121.328386,19611.0,Q3,No,0.0,60.0,none,yes,16.81,NO,Fiber Optic,21.0,No,YES,yes,No,YES,Yes,yes,1,0,0,Yes,two year,Yes,Bank Withdrawal,99.65,5941.05,0.0,0.0,1008.6,6949.65,stayed,41.0,,
4786-uksnz,Male,45.0,No,No,0.0,UNITED STATES,CALIFORNIA,CLAYTON,94517.0,37.881842,-121.848111,14239.0,Q3,no,0.0,1.0,offer e,yes,11.25,NO,,0.0,No,No,No,No,no,No,NO,0,0,0,No,month-to-month,no,Credit Card,20.2,20.2,0.0,0.0,11.25,31.45,churned,91.0,Competitor,Competitor made better offer
5619-XZZKR,Male,47.0,no,No,0.0,united states,California,santa maria,93454.0,34.943523,1953.743271,30540.0,q3,no,0.0,4.0,,Yes,6.86,NO,NONE,0.0,No,no,No,No,NO,No,No,0,1,0,No,One Year,no,Credit Card,19.95,68.2,0.0,0.0,27.44,95.64,STAYED,35.0,,
3727-OWVYD,Male,24.0,No,No,0.0,United States,California,Campo,91906.0,32.673483,-116.472863,3133.0,Q3,No,0.0,35.0,NONE,YES,38.38,NO,dsl,82.0,Yes,Yes,yes,NO,No,No,No,0,0,0,Yes,One Year,No,Mailed Check,61.2,2021.2,0.0,0.0,1343.3000000000002,3364.5,Stayed,70.0,,
5334-AFQJB,Male,66.0,No,no,0.0,United States,California,Simi Valley,93065.0,34.269449,-118.768471,64802.0,Q3,No,0.0,72.0,Offer A,Yes,2.37,YES,,0.0,No,No,NO,no,No,No,No,0,3,0,No,two year,yes,Credit Card,25.1,1789.9,0.0,0.0,170.64,1960.54,Stayed,74.0,,
8640-SDGKB,Male,39.0,NO,NO,0.0,United States,california,los angeles,90066.0,34.002028,-118.430656,55204.0,q3,No,0.0,4.0,none,Yes,28.89,No,dsl,3.0,no,No,YES,Yes,Yes,Yes,YES,0,1,0,Yes,MONTH-TO-MONTH,Yes,bank withdrawal,74.4,299.7,0.0,0.0,115.56,415.26,churned,69.0,Attitude,Attitude of support person
5919-tmrgd,FEMALE,32.0,No,Yes,3.0,United States,California,huntington park,90255.0,33.97803,-118.217141,78114.0,Q3,NO,0.0,1.0,,yes,13.13,No,Fiber Optic,57.0,No,No,No,NO,Yes,No,No,0,0,0,Yes,MONTH-TO-MONTH,Yes,BANK WITHDRAWAL,79.35,79.35,0.0,0.0,13.13,92.48,CHURNED,87.0,Competitor,Competitor had better devices
3137-NYQQI,Male,32.0,Yes,No,0.0,United States,CALIFORNIA,Palmdale,93550.0,34.536232,-118.082935,67232.0,Q3,YES,2.0,17.0,Offer D,yes,45.35,no,dsl,11.0,Yes,YES,NO,no,NO,Yes,yes,0,2,0,Yes,One Year,No,Credit Card,64.8,1175.6,0.0,0.0,770.95,1946.55,Stayed,70.0,,
7750-EYXWZ,female,62.0,No,No,0.0,United States,CALIFORNIA,Yucca Valley,92284.0,34.159534,-116.425984,20486.0,q3,No,0.0,12.0,,No,0.0,NO,Cable,24.0,NO,Yes,Yes,yes,yes,yes,yes,0,2,0,Yes,ONE YEAR,no,BANK WITHDRAWAL,60.65,743.3,40.41,0.0,0.0,7603.89,Stayed,24.0,,
0464-wjtko,Female,39.0,Yes,Yes,2.0,united states,CALIFORNIA,Cedarville,96104.0,41.505916,-120.152505,857.0,Q3,Yes,10.0,72.0,,Yes,14.17,No,,0.0,No,No,No,No,no,No,no,0,0,0,no,two year,No,Bank Withdrawal,20.1,1460.85,0.0,0.0,1020.24,2481.09,Stayed,30.0,,
3057-vjjqe,MALE,64.0,no,No,0.0,UNITED STATES,California,yorba linda,92886.0,33.897253,-117.792202,39458.0,Q3,no,0.0,35.0,,Yes,20.39,Yes,DSL,21.0,YES,No,no,no,No,No,No,0,0,0,Yes,two year,No,Credit Card,55.25,1924.1,0.0,0.0,713.65,2637.75,stayed,24.0,,
9830-ECLEN,Male,21.0,Yes,Yes,3.0,United States,california,winton,95388.0,37.421299,-120.599587,11463.0,Q3,YES,9.0,58.0,none,No,0.0,no,Cable,52.0,Yes,YES,Yes,NO,Yes,No,No,0,0,0,Yes,One Year,no,Mailed Check,50.0,2919.85,0.0,0.0,0.0,2919.85,Stayed,45.0,,
2195-ZRVAX,Female,40.0,yes,No,0.0,United States,California,Rodeo,94572.0,38.027218,-122.23463,14537.0,Q3,YES,1.0,47.0,,yes,44.26,no,Cable,23.0,No,No,Yes,No,No,YES,Yes,0,0,0,Yes,Month-to-Month,Yes,Bank Withdrawal,85.3,,0.0,0.0,2080.22,6125.87,Churned,90.0,Other,Don't know
5981-ITEMU,Male,58.0,Yes,No,0.0,United States,CALIFORNIA,Marshall,94940.0,38.129308,-122.834815,406.0,q3,Yes,1.0,40.0,Offer B,Yes,16.33,Yes,Fiber Optic,23.0,No,No,No,NO,YES,Yes,Yes,0,0,0,YES,month-to-month,Yes,bank withdrawal,97.1,3706.95,41.85,0.0,653.1999999999999,4318.3,Churned,67.0,Competitor,Competitor offered more data
6484-LATFU,MALE,20.0,No,no,0.0,United States,California,Linden,95236.0,38.047746,-121.030499,3148.0,Q3,No,0.0,68.0,NONE,YES,5.84,Yes,,0.0,NO,NO,No,No,no,No,No,2,3,0,No,Two Year,No,Credit Card,24.55,1657.4,0.0,0.0,397.12,2054.52,Stayed,31.0,,
1492-KGETH,Male,25.0,Yes,YES,1.0,UNITED STATES,california,Ojai,101826.0,34.581308,-118.931948,21633.0,Q3,yes,2.0,70.0,Offer A,Yes,35.9,yes,Cable,59.0,yes,yes,Yes,YES,no,Yes,yes,0,0,1,Yes,one year,No,Bank Withdrawal,78.35,5445.95,0.0,0.0,2513.0,7958.95,stayed,42.0,,
0621-HJWXJ,Female,54.0,Yes,NO,0.0,United States,California,Irvine,92618.0,33.667145,-117.732135,6301.0,Q3,Yes,1.0,63.0,Offer B,YES,21.15,yes,FIBER OPTIC,24.0,NO,Yes,No,No,No,No,No,0,0,0,Yes,MONTH-TO-MONTH,YES,Bank Withdrawal,81.55,5029.05,0.0,0.0,1332.4499999999998,6361.5,Stayed,41.0,,
6734-FQAJX,Male,65.0,No,No,0.0,United States,CALIFORNIA,Somerset,95684.0,38.606703,-120.586659,,Q3,No,0.0,67.0,,yes,34.23,no,Fiber Optic,11.0,YES,Yes,NO,Yes,yes,YES,Yes,0,0,0,YES,Two Year,Yes,Bank Withdrawal,105.05,7171.7,0.0,0.0,2293.41,9465.11,Stayed,49.0,,
0709-TVGUR,Female,70.0,No,No,0.0,United States,California,stockton,95207.0,38.002125,-121.324979,49965.0,Q3,No,0.0,165.0,none,YES,17.56,Yes,Fiber Optic,27.0,No,No,No,No,No,No,NO,0,0,0,yes,Month-to-Month,yes,BANK WITHDRAWAL,74.55,622.9,33.25,0.0,158.04,747.6899999999999,CHURNED,69.0,Competitor,Competitor had better devices
0345-xmmug,Female,718.0,Yes,No,0.0,United States,California,ione,95640.0,38.33788,-120.954202,9752.0,Q3,Yes,6.0,46.0,,Yes,2.0,yes,FIBER OPTIC,48.0,NO,Yes,Yes,Yes,Yes,YES,Yes,0,0,0,Yes,TWO YEAR,yes,Credit Card,108.9,4854.3,0.0,0.0,92.0,4946.3,stayed,45.0,,
6036-TTFYU,Female,48.0,YES,NO,0.0,united states,California,Thousand Oaks,91362.0,34.191842,-118.822796,33057.0,Q3,Yes,1.0,16.0,,Yes,46.86,no,none,0.0,No,No,NO,no,No,No,No,2,2,0,No,Month-to-Month,No,Credit Card,19.6,314.45,26.83,0.0,749.76,1037.38,stayed,79.0,,
6856-RAURS,Female,50.0,No,NO,0.0,United States,California,Rio Oso,95674.0,38.954144,-121.482536,947.0,Q3,No,0.0,2.0,NONE,Yes,41.08,YES,fiber optic,25.0,No,No,no,No,NO,NO,no,0,0,0,Yes,Month-to-Month,YES,CREDIT CARD,74.9,136.05,0.0,0.0,82.16,218.21,Joined,62.0,,
1965-AKTSX,FEMALE,65.0,no,No,0.0,United States,california,Byron,94514.0,37.83323,-121.601461,10153.0,q3,No,0.0,14.0,Offer D,yes,16.36,Yes,Fiber Optic,6.0,No,Yes,No,No,No,no,No,0,2,3,Yes,MONTH-TO-MONTH,YES,Bank Withdrawal,78.95,1101.85,0.0,0.0,229.04,1330.89,Churned,88.0,Competitor,Competitor made better offer
2589-AYCRP,Female,63.0,no,No,0.0,UNITED STATES,CALIFORNIA,Cedar Glen,92321.0,34.255203,-117.175654,455.0,Q3,No,0.0,50.0,Offer B,yes,37.95,NO,none,0.0,no,No,No,NO,No,NO,No,0,0,1,NO,One Year,No,BANK WITHDRAWAL,19.75,989.05,0.0,0.0,1897.5,2886.55,Stayed,71.0,,
4661-NJEUX,Male,42.0,no,No,0.0,United States,California,Portola Valley,94028.0,37.369709,-122.215844,6601.0,Q3,NO,0.0,1.0,,yes,3.23,NO,NONE,0.0,NO,no,No,No,NO,no,No,0,0,0,No,Month-to-Month,Yes,Credit Card,20.05,20.05,0.0,0.0,3.23,23.28,Joined,52.0,,
4510-HIMLV,Male,50.0,no,no,0.0,United States,CALIFORNIA,La Habra,90631.0,33.940619,-117.9513,67354.0,Q3,No,0.0,1.0,,Yes,22.86,No,fiber optic,25.0,No,No,NO,no,no,No,No,0,0,3,No,month-to-month,Yes,Bank Withdrawal,69.8,69.8,2476.0,10.0,22.86,102.66,CHURNED,90.0,Dissatisfaction,Network reliability
5188-HGMLP,male,73.0,yes,No,0.0,United States,California,MIDDLETOWN,95461.0,38.787446,-122.58675,7789.0,Q3,Yes,10.0,54.0,none,YES,35.16,YES,Fiber Optic,5.0,No,NO,no,no,No,no,No,0,0,0,YES,MONTH-TO-MONTH,no,Bank Withdrawal,74.0,3919.15,0.0,0.0,1898.64,5817.79,Stayed,30.0,,
1744-JHKYS,FEMALE,49.0,Yes,No,0.0,United States,California,Pasadena,91105.0,34.13946,-118.166649,10253.0,Q3,yes,5.0,34.0,Offer C,Yes,11.52,Yes,NONE,0.0,No,No,no,No,No,No,No,0,1,0,no,Month-to-Month,No,Bank Withdrawal,24.7,780.2,0.0,0.0,391.68,1171.88,stayed,72.0,,
3034-ZBEQN,female,31.0,YES,No,0.0,UNITED STATES,california,La Puente,92446.0,34.038983,-117.991372,30802.0,Q3,Yes,1.0,48.0,none,No,0.0,No,dsl,22.0,No,yes,Yes,No,No,No,no,0,0,0,Yes,ONE YEAR,NO,MAILED CHECK,34.7,1604.5,0.0,0.0,0.0,1604.5,CHURNED,90.0,Dissatisfaction,Product dissatisfaction
8087-LGYHQ,Male,40.0,No,No,0.0,UNITED STATES,California,Crestline,92325.0,34.248061,-117.29028,10484.0,Q3,No,0.0,9.0,Offer E,yes,15.53,No,Fiber Optic,14.0,NO,No,yes,No,yes,YES,Yes,0,0,1,Yes,Month-to-Month,Yes,Bank Withdrawal,94.05,811.65,0.0,0.0,139.76999999999998,951.42,STAYED,42.0,,
9227-LUNBG,Female,39.0,No,No,0.0,UNITED STATES,California,Pescadero,94060.0,37.22565,-122.297533,2055.0,q3,no,0.0,1.0,,No,0.0,No,DSL,12.0,no,No,No,No,no,No,no,0,0,0,Yes,Month-to-Month,NO,Bank Withdrawal,24.6,24.6,0.0,0.0,0.0,24.6,Churned,76.0,Price,Price too high
1047-NNCBF,Male,56.0,NO,no,0.0,United States,California,san jose,95123.0,37.238758,-121.828375,59632.0,Q3,No,0.0,20.0,,Yes,3.8,No,FIBER OPTIC,26.0,no,No,No,No,No,No,No,3,0,0,no,Month-to-Month,No,Credit Card,70.55,1493.55,17.6,0.0,76.0,1551.95,stayed,59.0,,
9885-AIBVB,Male,62.0,Yes,No,0.0,United States,California,Newcastle,95658.0,38.883224,-121.15918,6096.0,Q3,Yes,4.0,29.0,NONE,Yes,39.5,Yes,Fiber Optic,16.0,No,Yes,YES,no,NO,no,NO,0,1,0,No,Month-to-Month,Yes,bank withdrawal,85.8,2440.25,0.0,150.0,1145.5,3735.75,Stayed,70.0,,
6950-TWMYB,Male,31.0,yes,Yes,8.0,United States,CALIFORNIA,SANTA MONICA,90404.0,34.026334,-118.474222,19975.0,Q3,Yes,2.0,54.0,OFFER B,YES,46.7,NO,Fiber Optic,75.0,No,Yes,NO,yes,No,No,No,0,0,0,Yes,TWO YEAR,yes,bank withdrawal,79.95,4362.05,0.0,0.0,2521.8,6883.85,Stayed,48.0,,
0640-YJTPY,MALE,19.0,yes,Yes,1.0,united states,california,Smartville,95977.0,39.176595,-121.291692,963.0,Q3,YES,3.0,72.0,Offer A,Yes,5.7,No,NONE,0.0,NO,no,No,No,No,NO,No,0,0,0,No,Two Year,no,Bank Withdrawal,21.0,1493.75,0.0,0.0,410.4,1904.15,stayed,71.0,,
8058-INTPH,female,57.0,No,No,0.0,UNITED STATES,California,San Diego,92109.0,32.787836,-117.232376,46086.0,Q3,No,0.0,1.0,,yes,22.48,No,fiber optic,5.0,No,No,No,NO,YES,No,No,0,0,0,Yes,month-to-month,Yes,BANK WITHDRAWAL,79.65,79.65,0.0,0.0,22.48,102.13,CHURNED,71.0,Competitor,Competitor made better offer
8189-HBVRW,Female,50.0,NO,No,0.0,united states,California,Los Angeles,90005.0,34.059281,-118.30742,43019.0,Q3,NO,0.0,53.0,NONE,Yes,2.51,yes,FIBER OPTIC,19.0,YES,Yes,Yes,no,No,NO,No,0,0,1,No,Month-to-Month,No,Bank Withdrawal,90.8,4921.2,0.0,60.0,133.03,5114.23,Stayed,20.0,,
9643-YBLUR,Male,27.0,yes,No,0.0,United States,california,West Covina,91791.0,34.061634,-117.893169,30458.0,Q3,Yes,4.0,,Offer E,YES,26.03,Yes,Cable,59.0,No,Yes,yes,No,No,Yes,Yes,1,0,0,yes,Month-to-Month,Yes,Credit Card,69.05,653.95,0.0,0.0,234.27,5118.22,Stayed,60.0,,
3927-NLNRY,Male,48.0,YES,No,0.0,United States,California,Long Barn,95335.0,38.109125,-120.078597,683.0,Q3,Yes,1.0,53.0,Offer B,yes,15.77,No,Fiber Optic,9.0,No,Yes,No,NO,Yes,YES,YES,0,0,0,Yes,One Year,Yes,bank withdrawal,94.25,4867.95,0.0,0.0,835.81,5703.76,Churned,96.0,Other,Moved
8775-CEBBJ,female,40.0,No,No,0.0,United States,California,Seeley,92273.0,32.790282,-115.689559,1632.0,Q3,no,0.0,9.0,,YES,41.92,No,Cable,29.0,No,NO,no,No,no,no,no,0,0,0,YES,month-to-month,yes,Bank Withdrawal,44.2,403.35,0.0,0.0,377.28,780.6300000000001,Churned,87.0,Competitor,Competitor offered higher download speeds
2560-wbwxf,Male,45.0,No,No,0.0,United States,California,march air reserve base,92518.0,33.888323,-117.277533,1005.0,q3,NO,0.0,68.0,,yes,37.79,Yes,none,0.0,No,No,No,No,NO,No,No,0,1,0,No,two year,yes,Bank Withdrawal,24.15,1498.85,0.0,0.0,2569.72,4068.57,Stayed,70.0,,
6923-jhpmp,Female,6995.0,No,no,0.0,united states,California,TEMPLETON,93465.0,35.536115,9461.260769,7918.0,Q3,No,0.0,2.0,,Yes,35.41,no,fiber optic,25.0,yes,No,Yes,No,NO,No,NO,0,0,0,YES,Month-to-Month,YES,Bank Withdrawal,80.45,137.1,0.0,0.0,70.82,207.92,Joined,67.0,,
3258-ZKPAI,MALE,26.0,YES,yes,1.0,United States,california,Sacramento,95815.0,38.608405,-121.449942,25355.0,Q3,Yes,7.0,72.0,,yes,21.29,yes,fiber optic,52.0,Yes,Yes,Yes,Yes,yes,Yes,yes,1,0,2,yes,two year,Yes,Bank Withdrawal,116.6,8337.45,26.7,0.0,1532.88,9843.63,Stayed,59.0,,
5281-BUZGT,Male,69.0,No,No,0.0,United States,california,Weaverville,96093.0,40.759401,-122.939337,3749.0,Q3,No,0.0,36.0,offer c,Yes,23.33,Yes,Fiber Optic,23.0,Yes,NO,No,NO,YES,no,No,2,0,0,Yes,Month-to-Month,YES,BANK WITHDRAWAL,90.85,3186.7,0.0,0.0,839.8799999999999,4026.58,Churned,92.0,Competitor,Competitor made better offer
5533-NHFRF,MALE,75.0,NO,No,0.0,united states,CALIFORNIA,San Jose,95132.0,37.424655,-121.74841,40568.0,Q3,NO,0.0,7.0,,No,0.0,No,DSL,26.0,No,yes,No,Yes,no,YES,No,0,3,2,Yes,Two Year,yes,bank withdrawal,44.4,265.8,0.0,0.0,0.0,265.8,Stayed,77.0,,
6467-CHFZW,Male,61.0,yes,Yes,1.0,UNITED STATES,California,LOS ANGELES,90028.0,34.099869,-118.326843,30568.0,Q3,YES,1.0,47.0,,yes,31.35,YES,fiber optic,16.0,NO,yes,No,No,YES,Yes,Yes,0,0,0,yes,Month-to-Month,Yes,Bank Withdrawal,99.35,4749.15,0.0,0.0,1473.45,6222.599999999999,CHURNED,77.0,Competitor,Competitor had better devices
1251-krreg,Male,22.0,No,No,0.0,UNITED STATES,CALIFORNIA,North Hollywood,91601.0,34.1692,-118.372498,36625.0,Q3,No,0.0,2.0,,YES,44.31,yes,DSL,73.0,No,YES,no,No,No,No,yes,0,0,0,YES,Month-to-Month,Yes,CREDIT CARD,54.4,114.1,0.0,0.0,88.62,202.72,Churned,81.0,Price,Price too high
9548-ligta,Male,26.0,Yes,No,0.0,United States,California,tustin,92780.0,33.735802,-117.818805,55062.0,Q3,Yes,2.0,61.0,,YES,20.34,No,Cable,51.0,Yes,Yes,no,Yes,Yes,Yes,Yes,0,1,0,no,TWO YEAR,Yes,Credit Card,81.05,4747.65,0.0,0.0,1240.74,5988.389999999999,Stayed,20.0,,
0058-EVZWM,Female,37.0,YES,NO,0.0,United States,CALIFORNIA,stockton,95209.0,38.044523,-121.348048,30814.0,Q3,Yes,2.0,55.0,offer b,YES,5.08,Yes,FIBER OPTIC,9.0,yes,No,No,No,YES,No,No,0,0,0,Yes,Month-to-Month,Yes,Bank Withdrawal,89.8,4959.6,0.0,0.0,279.4,5239.0,Stayed,42.0,,
3410-YOQBQ,FEMALE,61.0,No,no,0.0,United States,California,COMPTON,90221.0,33.885811,-118.206459,51387.0,Q3,No,0.0,31.0,,Yes,25.57,No,DSL,27.0,No,YES,Yes,YES,YES,Yes,Yes,1,0,0,no,Two Year,NO,Credit Card,79.2,2497.2,0.0,70.0,792.67,3359.87,Stayed,78.0,,
8262-COGGB,Male,53.0,No,no,0.0,United States,California,Visalia,93277.0,36.303793,-119.375646,44741.0,Q3,no,0.0,1.0,none,Yes,11.61,No,NONE,0.0,No,No,No,No,NO,No,no,0,0,0,No,Month-to-Month,YES,MAILED CHECK,20.45,20.45,0.0,0.0,11.61,32.06,JOINED,48.0,,
1347-KTTTA,male,22.0,Yes,no,0.0,UNITED STATES,California,canyon country,91351.0,34.422519,-118.420717,59259.0,Q3,YES,10.0,64.0,Offer B,YES,40.49,No,Fiber Optic,3179.0,No,Yes,YES,YES,Yes,Yes,YES,0,0,0,YES,One Year,Yes,credit card,102.45,6654.1,0.0,0.0,2591.36,9245.46,Stayed,58.0,,
5099-BAILX,Male,77.0,Yes,No,0.0,UNITED STATES,California,santa barbara,93101.0,34.419203,-119.710008,31727.0,q3,Yes,1.0,43.0,Offer B,YES,14.52,Yes,fiber optic,5.0,no,Yes,Yes,YES,Yes,Yes,NO,0,1,0,Yes,Month-to-Month,Yes,bank withdrawal,110.75,4687.9,0.0,0.0,624.36,5312.259999999999,Churned,65.0,Competitor,Competitor made better offer
0337-CNPZE,female,63.0,NO,No,0.0,United States,california,Los Angeles,90033.0,3287.050198,-118.210946,49431.0,Q3,NO,0.0,41.0,,Yes,10.43,Yes,Fiber Optic,22.0,no,Yes,YES,NO,yes,YES,YES,2,0,0,No,month-to-month,Yes,bank withdrawal,106.3,4443.45,0.0,130.0,427.63,5001.08,CHURNED,85.0,Price,Price too high
7294-TMAOP,FEMALE,30.0,no,NO,0.0,united states,california,Castro Valley,94546.0,37.708327,-122.083473,41698.0,Q3,No,0.0,1.0,Offer E,Yes,15.44,No,Fiber Optic,51.0,no,no,no,NO,Yes,Yes,Yes,0,0,2,NO,Month-to-Month,No,Bank Withdrawal,90.55,90.55,0.0,60.0,15.44,165.99,Churned,72.0,Competitor,Competitor made better offer
9788-HNGUT,male,45.0,Yes,no,0.0,United States,California,Cabazon,92230.0,33.929812,-116.76058,2355.0,Q3,Yes,9.0,72.0,Offer A,Yes,17.87,YES,Fiber Optic,3.0,yes,YES,Yes,Yes,YES,Yes,Yes,2,0,0,yes,Two Year,Yes,credit card,116.95,8594.4,,0.0,1286.64,16407.04,Stayed,78.0,,
2273-QCKXA,Male,39.0,No,No,0.0,united states,California,Culver City,90232.0,34.019323,-118.391902,15195.0,Q3,No,0.0,1.0,,Yes,25.77,no,cable,5.0,NO,No,NO,Yes,No,No,No,0,0,0,Yes,month-to-month,No,credit card,49.05,49.05,0.0,0.0,25.77,74.82,JOINED,30.0,,
3280-nmuvx,male,53.0,YES,NO,0.0,United States,California,Rio Vista,94571.0,38.148862,-121.737696,5246.0,q3,yes,7.0,34.0,,Yes,26.03,no,,0.0,No,No,No,No,No,No,No,0,0,0,No,One Year,No,credit card,19.6,678.8,0.0,0.0,885.02,1563.82,Stayed,33.0,,
6551-gnydg,FEMALE,33.0,yes,yes,1.0,United States,California,long beach,90808.0,33.823943,-118.111335,37417.0,Q3,yes,7.0,14.0,,YES,40.22,NO,Fiber Optic,19.0,No,No,No,No,No,Yes,yes,0,0,0,Yes,Month-to-Month,yes,bank withdrawal,80.9,1152.8,0.0,0.0,563.0799999999999,1715.88,stayed,46.0,,
3308-MHOOC,MALE,37.0,NO,Yes,3.0,united states,CALIFORNIA,Scotia,95565.0,40.440636,-124.098739,1125.0,Q3,No,0.0,1.0,,Yes,17.89,no,NONE,0.0,No,No,No,No,No,No,no,0,2,2,No,Month-to-Month,yes,credit card,19.2,19.2,0.0,0.0,17.89,37.09,joined,76.0,,
9919-FZDED,Male,79.0,YES,No,0.0,United States,california,Yucca Valley,92284.0,34.159534,-116.425984,20486.0,q3,Yes,1.0,72.0,,yes,17.3,yes,dsl,23.0,yes,YES,Yes,No,yes,YES,No,0,0,0,Yes,Two Year,Yes,CREDIT CARD,84.1,5981.65,0.0,0.0,1245.6,7227.25,Stayed,63.0,,
4693-VWVBO,female,60.0,NO,No,0.0,UNITED STATES,California,VALLEY SPRINGS,95252.0,38.156971,-120.849231,11266.0,q3,No,0.0,3.0,,Yes,40.98,No,,0.0,no,no,No,No,No,No,no,0,1,0,NO,Month-to-Month,No,BANK WITHDRAWAL,19.55,61.05,0.0,0.0,122.94,183.99,Joined,46.0,,
6339-tbelp,Male,53.0,No,No,0.0,united states,california,Fillmore,93015.0,34.408161,-118.865111,16013.0,q3,No,0.0,71.0,,Yes,6.75,Yes,fiber optic,15.0,No,NO,yes,YES,No,No,No,0,0,0,Yes,two year,yes,credit card,86.4,6172.0,0.0,0.0,479.25,6651.25,Stayed,30.0,,
1177-XZBJL,Male,35.0,Yes,yes,2.0,UNITED STATES,california,Palermo,95968.0,39.435756,-121.552071,1254.0,Q3,Yes,1.0,53.0,Offer B,YES,37.57,Yes,DSL,15.0,yes,Yes,No,Yes,No,NO,No,0,0,2,Yes,ONE YEAR,no,Bank Withdrawal,64.15,3491.55,0.0,0.0,1991.21,5482.76,stayed,45.0,,
0356-OBMAC,FEMALE,80.0,NO,No,0.0,United States,california,WINCHESTER,92596.0,33.657433,-117.04254,4093.0,Q3,no,0.0,56.0,NONE,Yes,17.33,Yes,fiber optic,16.0,No,Yes,Yes,Yes,Yes,NO,no,0,1,0,YES,Two Year,YES,Bank Withdrawal,99.9,5706.3,0.0,0.0,970.48,6676.78,Stayed,45.0,,
4475-NVTLU,MALE,21.0,Yes,YES,1.0,United States,California,paso robles,93446.0,35.634222,-120.728341,35586.0,q3,Yes,6.0,45.0,Offer B,Yes,17.23,No,,0.0,no,No,no,No,No,No,NO,1,0,0,No,TWO YEAR,No,Bank Withdrawal,19.2,903.7,0.0,0.0,775.35,1679.0500000000002,Stayed,24.0,,
6900-PXRMS,Male,72.0,YES,No,0.0,united states,California,spring valley,91978.0,32.730264,-116.950963,,Q3,NO,0.0,26.0,Offer C,Yes,1.26,Yes,Fiber Optic,18.0,NO,YES,Yes,No,YES,yes,Yes,0,2,0,NO,Month-to-Month,No,bank withdrawal,105.75,2710.25,0.0,90.0,32.76,2833.01,Churned,91.0,Dissatisfaction,Product dissatisfaction
1373-ORVIZ,Female,62.0,Yes,No,0.0,United States,california,MODESTO,95351.0,37.621458,-121.012295,47536.0,q3,YES,1.0,11.0,OFFER D,Yes,15.69,Yes,DSL,12.0,No,no,No,Yes,No,Yes,Yes,0,0,0,Yes,Month-to-Month,Yes,Bank Withdrawal,66.35,740.8,0.0,0.0,172.59,913.39,Churned,91.0,Competitor,Competitor had better devices
8166-ORCHU,Male,73.0,YES,No,0.0,United States,California,OAKLAND,94605.0,37.758019,-122.138678,42854.0,q3,Yes,10.0,33.0,,Yes,44.54,No,FIBER OPTIC,18.0,Yes,Yes,no,YES,No,Yes,No,0,0,3,yes,ONE YEAR,Yes,BANK WITHDRAWAL,93.55,3055.5,0.0,0.0,1469.82,4525.32,stayed,21.0,,
7892-QVYKW,FEMALE,25.0,Yes,Yes,1.0,United States,California,EL CAJON,92020.0,32.79697,-116.969082,55277.0,Q3,YES,10.0,23.0,,yes,9.84,YES,fiber optic,71.0,No,no,no,no,No,Yes,Yes,0,0,0,Yes,Month-to-Month,No,Bank Withdrawal,85.6,1868.4,0.0,0.0,226.32,2094.7200000000003,stayed,25.0,,
1981-INRFU,Female,44.0,No,No,0.0,United States,California,San Diego,92109.0,6630.787836,-117.232376,46086.0,q3,No,0.0,2.0,,YES,8.32,No,Fiber Optic,16.0,No,No,no,No,Yes,No,No,0,0,0,yes,Month-to-Month,yes,Bank Withdrawal,79.75,164.5,0.0,0.0,16.64,181.14,CHURNED,91.0,Competitor,Competitor made better offer
0396-HUJBP,female,34.0,no,NO,0.0,United States,california,Gardena,90247.0,33.890853,-118.297967,47758.0,q3,no,0.0,2.0,none,yes,49.91,No,NONE,0.0,No,NO,no,No,No,No,No,0,0,0,No,Month-to-Month,no,credit card,19.3,44.4,0.0,0.0,99.82,144.22,Joined,43.0,,
2931-FSOHN,Male,76.0,no,No,0.0,United States,California,NAPA,94559.0,38.232389,-122.324944,26894.0,Q3,no,0.0,13.0,none,Yes,49.9,NO,DSL,30.0,No,Yes,No,No,Yes,No,no,0,1,0,Yes,MONTH-TO-MONTH,yes,Bank Withdrawal,59.9,788.35,0.0,0.0,648.6999999999999,1437.05,Stayed,58.0,,
5774-XZTQC,Female,30.0,Yes,Yes,1.0,United States,California,lakewood,90715.0,33.841027,-118.078097,20890.0,q3,yes,3.0,7.0,offer e,YES,5.84,No,,0.0,No,No,No,no,No,NO,No,0,0,0,NO,Month-to-Month,No,Credit Card,20.45,150.75,0.0,0.0,40.88,191.63,STAYED,75.0,,
1084-MNSMJ,Female,63.0,Yes,NO,0.0,UNITED STATES,California,El Dorado,95623.0,38.63153,-120.842609,4097.0,Q3,Yes,10.0,51.0,OFFER B,Yes,33.93,No,DSL,13.0,yes,Yes,Yes,YES,Yes,Yes,Yes,0,1,0,YES,TWO YEAR,No,Credit Card,85.5,4421.95,0.0,0.0,1730.43,6152.38,STAYED,43.0,,
0292-WEGCH,Female,40.0,Yes,Yes,2.0,United States,CALIFORNIA,Death Valley,92328.0,36.27688,-117.033326,443.0,Q3,yes,7.0,54.0,Offer B,yes,4.33,Yes,dsl,12.0,No,Yes,Yes,Yes,yes,yes,Yes,0,0,0,Yes,Month-to-Month,yes,bank withdrawal,86.2,4524.05,0.0,0.0,233.82,4757.87,Stayed,45.0,,
2626-urjfx,MALE,55.0,Yes,Yes,3.0,UNITED STATES,California,Termo,96132.0,41.027281,-120.669427,72.0,Q3,Yes,1.0,4.0,Offer E,Yes,8.58,Yes,DSL,57.0,NO,No,No,No,No,NO,no,2,0,0,Yes,Month-to-Month,Yes,bank withdrawal,50.9,225.6,0.0,0.0,34.32,259.92,CHURNED,69.0,Dissatisfaction,Network reliability
3669-OYSJI,Male,47.0,No,No,0.0,United States,California,porter ranch,91326.0,34.281911,-118.556218,28067.0,Q3,No,0.0,1.0,OFFER E,Yes,48.58,NO,DSL,21.0,NO,No,no,No,No,No,No,0,0,0,Yes,MONTH-TO-MONTH,No,Credit Card,46.2,46.2,0.0,0.0,48.58,94.78,Churned,76.0,Attitude,Attitude of support person
5027-YOCXN,Male,23.0,yes,No,0.0,United States,California,cardiff by the sea,92007.0,33.015866,-117.272254,10375.0,Q3,YES,6.0,51.0,NONE,YES,26.73,Yes,Fiber Optic,41.0,Yes,YES,NO,Yes,YES,Yes,Yes,0,2,0,Yes,ONE YEAR,NO,credit card,110.05,5686.4,20.28,0.0,1363.23,7029.35,STAYED,56.0,,
0392-BZIUW,Female,44.0,YES,No,0.0,United States,California,Fresno,93710.0,36.822715,9352.238174,29337.0,Q3,Yes,7.0,72.0,none,Yes,6.58,Yes,FIBER OPTIC,7.0,yes,No,Yes,no,Yes,YES,Yes,3,0,2,YES,Two Year,yes,Credit Card,105.0,7589.8,0.0,0.0,473.76,8063.56,Stayed,70.0,,
7137-RYLPP,Male,75.0,Yes,No,0.0,United States,california,paskenta,96074.0,39.884395,-122.587513,263.0,Q3,Yes,1.0,37.0,Offer C,Yes,46.61,Yes,Fiber Optic,26.0,No,no,no,No,Yes,NO,No,0,0,0,Yes,Month-to-Month,Yes,Bank Withdrawal,85.7,3171.15,0.0,0.0,1724.57,4895.72,Churned,86.0,Competitor,Competitor offered higher download speeds
8672-OAUPW,Male,48.0,no,no,0.0,United States,California,Corona,92883.0,33.762351,-117.488725,13188.0,Q3,No,0.0,51.0,none,Yes,36.59,No,dsl,20.0,No,no,No,yes,No,NO,No,0,3,0,Yes,One Year,No,Credit Card,47.85,2356.75,18.39,0.0,1866.09,4204.450000000001,Stayed,56.0,,
4627-MIHJH,female,72.0,No,No,0.0,united states,California,Stockton,95210.0,38.033219,-121.297433,40611.0,Q3,No,0.0,69.0,,YES,23.4,YES,FIBER OPTIC,27.0,Yes,no,yes,Yes,Yes,Yes,YES,0,0,0,Yes,Two Year,No,CREDIT CARD,110.25,7467.55,0.0,0.0,1614.6,9082.15,Stayed,69.0,,
5380-WJKOV,Male,51.0,No,Yes,1.0,United States,California,Los Angeles,90041.0,34.137412,-118.207607,27866.0,Q3,No,0.0,34.0,offer c,Yes,21.69,Yes,Fiber Optic,28.0,NO,yes,YES,No,yes,Yes,Yes,0,0,0,Yes,month-to-month,Yes,Bank Withdrawal,106.35,3549.25,0.0,0.0,737.46,4286.71,churned,65.0,Competitor,Competitor offered higher download speeds
2455-USLMV,FEMALE,30.0,No,NO,0.0,United States,California,Redlands,92373.0,34.003243,-117.138286,31230.0,Q3,No,0.0,31.0,Offer C,YES,24.21,Yes,Fiber Optic,48.0,Yes,No,yes,NO,no,No,No,0,0,0,Yes,Month-to-Month,Yes,CREDIT CARD,84.75,2613.4,0.0,0.0,750.51,3363.91,Stayed,35.0,,
0727-BMPLR,female,66.0,No,No,0.0,United States,California,Fresno,93706.0,36.654614,-119.903674,35790.0,Q3,No,0.0,55.0,NONE,Yes,37.38,yes,Fiber Optic,7.0,No,no,Yes,No,Yes,Yes,Yes,0,0,1,No,one year,Yes,Bank Withdrawal,100.0,5509.3,0.0,100.0,2055.9,7665.200000000001,churned,83.0,Competitor,Competitor offered higher download speeds
7544-ZVIKX,MALE,33.0,Yes,yes,2.0,United States,california,Roseville,95678.0,38.759751,-121.288545,30614.0,Q3,YES,2.0,58.0,none,Yes,33.82,yes,fiber optic,10.0,No,NO,Yes,yes,YES,Yes,Yes,0,2,0,yes,one year,Yes,Bank Withdrawal,105.05,6004.85,0.0,0.0,1961.56,7966.41,Stayed,75.0,,
1723-hkxjq,Male,64.0,No,No,0.0,United States,California,San Diego,92120.0,32.807867,-117.060993,25569.0,Q3,No,0.0,42.0,,Yes,18.79,yes,Fiber Optic,16.0,No,Yes,No,No,Yes,Yes,Yes,0,0,1,Yes,Month-to-Month,Yes,Bank Withdrawal,101.75,4273.45,0.0,0.0,789.18,5062.63,Churned,66.0,Other,Don't know
5118-MUEYH,Female,,Yes,NO,0.0,UNITED STATES,california,grand terrace,92313.0,34.029175,-117.307211,11024.0,Q3,Yes,4.0,48.0,Offer B,Yes,39.25,Yes,fiber optic,51.0,NO,Yes,No,yes,Yes,Yes,Yes,0,0,0,yes,Month-to-Month,YES,Credit Card,105.1,5083.55,0.0,0.0,1884.0,6967.55,stayed,42.0,,
3351-NGXYI,Female,70.0,No,NO,0.0,united states,California,San Diego,92106.0,32.71346,-117.236378,18525.0,q3,No,3925.0,16.0,offer d,Yes,9.72,Yes,DSL,29.0,yes,no,No,No,no,NO,No,2,0,0,Yes,One Year,YES,bank withdrawal,54.1,889.0,0.0,0.0,155.52,1044.52,STAYED,38.0,,
0616-atfgb,Male,74.0,Yes,NO,0.0,United States,california,Shasta Lake,96019.0,40.692523,-122.369876,6277.0,Q3,Yes,1.0,1.0,Offer E,No,0.0,No,Cable,18.0,No,no,No,No,No,No,No,0,0,0,Yes,month-to-month,No,Bank Withdrawal,25.05,25.05,0.0,0.0,0.0,25.05,CHURNED,95.0,Competitor,Competitor had better devices
8731-WBBMB,female,26.0,Yes,No,0.0,United States,California,San Diego,92117.0,32.825086,-117.199424,51213.0,Q3,Yes,7.0,26.0,,Yes,11.23,No,Cable,48.0,No,Yes,yes,yes,YES,Yes,Yes,0,0,0,yes,Month-to-Month,No,Bank Withdrawal,81.9,2078.55,44.86,0.0,291.98,2325.67,Stayed,55.0,,
7722-VJRQD,Male,38.0,YES,No,0.0,United States,CALIFORNIA,Brooks,95606.0,38.809804,-122.241383,382.0,Q3,Yes,8.0,72.0,,no,0.0,No,CABLE,15.0,Yes,No,Yes,Yes,Yes,Yes,Yes,0,1,0,Yes,Two Year,No,Bank Withdrawal,60.95,4549.05,0.0,0.0,0.0,4549.05,Stayed,21.0,,
6338-AVWCY,Male,19.0,no,No,0.0,United States,California,Escondido,92027.0,33.141265,-116.967221,48690.0,Q3,NO,0.0,3.0,NONE,No,0.0,no,DSL,26.0,No,NO,yes,No,Yes,NO,No,0,2,0,yes,month-to-month,yes,Mailed Check,40.15,130.75,0.0,0.0,0.0,130.75,CHURNED,75.0,Competitor,Competitor made better offer
2868-MZAGQ,male,49.0,No,No,0.0,United States,California,Modesto,95354.0,37.639029,-120.964772,27135.0,Q3,No,0.0,1.0,Offer E,YES,19.98,No,Fiber Optic,5.0,No,No,no,No,No,yes,Yes,0,0,0,Yes,Month-to-Month,Yes,Bank Withdrawal,79.25,79.25,0.0,0.0,19.98,99.23,churned,83.0,Dissatisfaction,Service dissatisfaction
2087-QAREY,Female,60.0,Yes,No,0.0,United States,California,Sequoia National Park,93262.0,36.527243,-118.594938,56.0,q3,YES,1.0,22.0,Offer D,yes,39.83,No,cable,16.0,No,Yes,Yes,no,No,No,NO,0,0,3,YES,Month-to-Month,Yes,Credit Card,54.7,1178.75,0.0,0.0,876.26,2055.01,stayed,53.0,,
8857-CUPFQ,Male,57.0,yes,No,0.0,united states,California,Wallace,95254.0,38.192608,-120.957842,304.0,Q3,YES,9.0,63.0,Offer B,yes,17.38,No,NONE,0.0,No,NO,no,NO,No,No,NO,0,0,2,No,two year,NO,CREDIT CARD,19.25,1237.65,0.0,0.0,1094.9399999999998,2332.59,stayed,20.0,,
7876-DNYAP,Female,29.0,Yes,Yes,2.0,United States,California,washington,95986.0,39.34128,-120.786867,145.0,Q3,yes,7.0,69.0,Offer A,Yes,8.39,no,,0.0,NO,No,NO,No,No,no,no,0,0,0,NO,TWO YEAR,No,Credit Card,19.8,1436.95,0.0,0.0,578.9100000000001,2015.86,Stayed,36.0,,
6857-tkdjv,MALE,60.0,Yes,Yes,2.0,UNITED STATES,California,Strawberry Valley,95981.0,39.58458,-121.093256,101.0,Q3,Yes,6.0,67.0,none,Yes,14.41,YES,,0.0,No,No,No,no,No,no,No,1,0,1,no,TWO YEAR,No,Bank Withdrawal,24.65,1620.45,0.0,0.0,965.47,2585.92,stayed,62.0,,
2237-ZFSMY,Female,29.0,No,No,0.0,united states,california,Riverdale,93656.0,36.452211,-119.94575,5729.0,Q3,No,0.0,39.0,OFFER C,yes,4.48,no,fiber optic,71.0,Yes,No,yes,Yes,Yes,No,Yes,0,3,2,yes,One Year,Yes,BANK WITHDRAWAL,95.55,3692.85,0.0,0.0,174.72000000000003,3867.57,churned,73.0,Attitude,Attitude of service provider
5897-ZYEKH,FEMALE,74.0,yes,No,0.0,United States,California,lincoln,95648.0,,-121.312005,15286.0,Q3,Yes,3.0,67.0,,Yes,11.91,Yes,Fiber Optic,10.0,Yes,Yes,No,NO,yes,Yes,Yes,0,0,0,yes,One Year,Yes,BANK WITHDRAWAL,105.6,7112.15,0.0,0.0,,7910.12,Stayed,45.0,,
4881-JVQOD,MALE,73.0,Yes,Yes,3.0,united states,California,oxnard,93030.0,34.223244,-119.18012,79736.0,Q3,yes,1.0,10.0,none,No,0.0,no,Cable,53.0,no,no,NO,No,No,Yes,No,3,0,0,Yes,one year,yes,bank withdrawal,34.55,362.6,0.0,0.0,0.0,362.6,Stayed,55.0,,
8942-dbmhz,Male,26.0,no,No,0.0,united states,California,San Francisco,94122.0,37.760412,-122.484966,55504.0,Q3,no,0.0,12.0,,yes,41.11,No,none,0.0,No,NO,No,no,No,NO,No,0,0,0,No,month-to-month,No,Mailed Check,20.45,255.35,0.0,0.0,493.32,748.67,Stayed,80.0,,
0687-zvthb,Male,24.0,Yes,No,0.0,UNITED STATES,California,Richmond,94805.0,37.941456,-122.320968,13984.0,Q3,Yes,1.0,65.0,offer b,Yes,26.75,yes,Cable,51.0,YES,yes,Yes,No,No,Yes,Yes,0,0,1,Yes,one year,No,Credit Card,72.45,4653.85,14.23,0.0,1738.75,6378.370000000001,churned,68.0,Competitor,Competitor offered more data
7161-dfhuf,FEMALE,55.0,Yes,No,0.0,united states,California,shasta,96087.0,40.617614,-122.512861,528.0,Q3,yes,4.0,71.0,,Yes,21.19,Yes,,0.0,No,no,No,no,no,NO,No,1,2,0,No,Two Year,No,Credit Card,23.85,1672.1,0.0,0.0,1504.49,3176.59,Stayed,77.0,,
5947-SGKCL,Female,19.0,yes,Yes,3.0,United States,California,San Marino,91108.0,34.122671,-118.112911,13158.0,q3,Yes,6.0,15.0,OFFER D,Yes,4.19,Yes,Fiber Optic,59.0,NO,Yes,YES,No,yes,YES,Yes,0,0,0,Yes,MONTH-TO-MONTH,yes,Bank Withdrawal,105.35,1559.25,0.0,0.0,62.85000000000001,1622.1,Stayed,66.0,,
5924-sngkp,Female,39.0,NO,NO,0.0,United States,California,Solana Beach,92075.0,33.001813,-117.263628,12173.0,q3,No,0.0,41.0,,Yes,6.61,no,,0.0,No,No,No,NO,no,No,No,0,0,3,No,One Year,Yes,Credit Card,20.25,865.0,46.78,0.0,271.01,1089.23,Stayed,25.0,,
1431-AIDJQ,Male,44.0,Yes,Yes,1.0,UNITED STATES,California,Walnut Creek,94598.0,37.916648,-122.008483,26022.0,q3,YES,1.0,33.0,Offer C,Yes,1.62,No,cable,30.0,no,yes,YES,Yes,YES,Yes,yes,0,0,2,yes,Two Year,No,credit card,82.1,2603.1,0.0,0.0,53.46,2656.56,stayed,32.0,,
8285-abvlb,Female,34.0,Yes,No,0.0,United States,california,Santa Barbara,93103.0,34.438581,-119.685368,20893.0,q3,No,0.0,70.0,,Yes,40.91,no,,0.0,No,NO,No,No,No,No,No,0,0,0,no,Two Year,No,credit card,19.85,1328.35,33.29,0.0,2863.7,4158.76,STAYED,79.0,,
8356-WUAOJ,FEMALE,25.0,YES,No,0.0,united states,CALIFORNIA,Glendale,91205.0,34.13658,-118.245839,41390.0,q3,Yes,7.0,1.0,Offer E,Yes,40.63,No,DSL,52.0,NO,no,No,no,no,No,No,0,0,0,NO,Month-to-Month,Yes,Bank Withdrawal,45.0,45.0,0.0,10.0,40.63,95.63,joined,63.0,,
2860-RANUS,FEMALE,67.0,No,No,0.0,United States,California,Mc Kittrick,93251.0,35.38381,-119.730885,302.0,Q3,NO,0.0,20.0,offer d,Yes,29.29,Yes,Fiber Optic,15.0,NO,NO,NO,No,No,yes,Yes,2,0,2,Yes,Month-to-Month,yes,Credit Card,85.8,1727.5,0.0,0.0,585.8,2313.3,Churned,75.0,Price,Price too high
9753-OYLBX,Female,54.0,no,No,0.0,United States,California,SAN DIEGO,92122.0,32.85723,-117.209774,34902.0,Q3,NO,0.0,1.0,,Yes,8.56,No,,0.0,no,No,No,No,no,NO,NO,0,0,0,no,Month-to-Month,No,CREDIT CARD,20.5,20.5,0.0,0.0,8.56,29.06,Joined,54.0,,
5228-excet,Male,40.0,No,NO,0.0,United States,California,SAN DIEGO,92126.0,32.886925,-117.152162,74232.0,Q3,No,0.0,13.0,none,Yes,12.54,No,Fiber Optic,20.0,no,NO,No,No,NO,Yes,Yes,3,0,0,YES,Month-to-Month,Yes,Bank Withdrawal,80.85,1008.7,0.0,0.0,163.01999999999998,1171.72,Churned,85.0,Competitor,Competitor made better offer
0214-JHPFW,Female,22.0,Yes,no,0.0,UNITED STATES,California,Lost Hills,93249.0,35.637715,-119.893068,2502.0,Q3,Yes,9.0,70.0,NONE,No,0.0,no,CABLE,85.0,No,Yes,Yes,Yes,yes,Yes,Yes,0,0,0,Yes,two year,No,bank withdrawal,57.8,4039.3,1.01,0.0,0.0,4038.29,Stayed,42.0,,
9114-VEPUF,male,19.0,Yes,No,0.0,United States,california,Redwood City,94065.0,37.527497,-122.230941,10658.0,q3,YES,4.0,62.0,Offer B,Yes,30.51,Yes,Fiber Optic,41.0,Yes,YES,No,NO,No,YES,YES,0,0,0,Yes,One Year,No,Bank Withdrawal,96.1,6001.45,0.0,0.0,1891.62,7893.07,Stayed,61.0,,
5027-XWQHA,male,35.0,No,No,0.0,united states,California,ukiah,95482.0,39.134075,-123.23422,30988.0,Q3,no,0.0,6.0,,yes,41.16,No,Cable,10.0,No,No,no,No,NO,NO,no,0,0,0,No,Month-to-Month,no,BANK WITHDRAWAL,44.75,270.95,0.0,10.0,246.96,527.91,Churned,78.0,Dissatisfaction,Network reliability
9236-nducw,Female,34.0,NO,No,0.0,United States,california,BELLA VISTA,96008.0,40.722733,-122.109666,899.0,Q3,No,0.0,21.0,Offer D,NO,0.0,NO,dsl,4.0,Yes,No,No,yes,NO,NO,No,0,0,0,Yes,Two Year,NO,Credit Card,35.1,770.4,0.0,0.0,0.0,770.4,STAYED,25.0,,
3259-FDWOY,MALE,60.0,Yes,No,0.0,united states,California,Elk Grove,95758.0,38.35363,-121.44195,47065.0,Q3,Yes,3.0,71.0,Offer A,Yes,47.34,yes,fiber optic,12.0,No,YES,Yes,NO,Yes,Yes,YES,0,0,0,yes,Two Year,yes,Bank Withdrawal,106.0,7723.7,0.0,0.0,3361.1400000000003,11084.84,Churned,81.0,Competitor,Competitor offered higher download speeds
3669-WHAFY,FEMALE,57.0,Yes,No,0.0,United States,california,Whittier,90604.0,33.929704,-118.01208,,q3,YES,7.0,71.0,Offer A,YES,9.44,Yes,Fiber Optic,9.0,Yes,Yes,YES,Yes,Yes,Yes,Yes,0,2,0,YES,TWO YEAR,Yes,Credit Card,115.15,8078.1,0.0,0.0,670.24,8748.34,Stayed,24.0,,
1414-YADCW,Male,45.0,Yes,NO,0.0,United States,California,deer park,94576.0,38.554383,-122.474773,223.0,Q3,YES,3.0,70.0,offer a,Yes,1.07,NO,Fiber Optic,21.0,Yes,yes,NO,yes,No,No,No,0,1,0,Yes,TWO YEAR,NO,Bank Withdrawal,84.6,5706.2,0.0,0.0,74.9,5781.099999999999,STAYED,39.0,,
8884-ADFVN,MALE,65.0,Yes,No,0.0,united states,California,ROSEVILLE,95678.0,38.759751,-121.288545,30614.0,q3,Yes,2.0,7.0,,yes,34.66,yes,FIBER OPTIC,3.0,No,no,Yes,NO,Yes,YES,Yes,0,0,1,Yes,Month-to-Month,YES,Bank Withdrawal,101.95,700.85,0.0,0.0,242.62,943.47,churned,74.0,Other,Don't know
1237-wiyyz,Female,49.0,no,NO,0.0,United States,California,Los Angeles,90017.0,34.052842,,20692.0,q3,no,0.0,18.0,Offer D,Yes,10.67,No,,0.0,NO,No,No,no,No,no,No,0,1,0,No,Month-to-Month,Yes,Credit Card,19.55,389.25,0.0,0.0,192.06,581.31,Stayed,28.0,,
8160-howox,Female,30.0,No,no,0.0,United States,CALIFORNIA,san bernardino,92407.0,34.250069,-117.393949,49355.0,q3,no,0.0,7.0,,Yes,48.16,No,DSL,85.0,No,No,NO,No,Yes,YES,YES,0,3,2,Yes,MONTH-TO-MONTH,YES,Bank Withdrawal,66.85,458.1,0.0,0.0,337.12,795.22,Stayed,43.0,,
6682-VCIXC,female,61.0,yes,No,0.0,United States,California,Mad River,95552.0,40.390301,-123.412327,265.0,Q3,YES,2.0,43.0,Offer B,No,0.0,no,CABLE,6.0,Yes,Yes,NO,Yes,Yes,no,No,0,0,0,Yes,One Year,YES,Bank Withdrawal,51.25,2151.6,0.0,0.0,0.0,2151.6,STAYED,43.0,,
1755-fzqec,male,26.0,No,No,0.0,United States,California,ventura,93001.0,34.360261,-119.306383,32899.0,q3,no,0.0,39.0,Offer C,Yes,48.02,No,,0.0,no,No,No,No,NO,No,NO,0,0,0,no,ONE YEAR,No,credit card,19.9,791.15,20.17,0.0,1872.78,2643.76,stayed,69.0,,
3733-zeecp,Male,29.0,Yes,Yes,2.0,united states,california,Inglewood,90301.0,33.956445,-118.358634,37527.0,Q3,Yes,3.0,22.0,none,Yes,27.91,no,cable,27.0,no,No,NO,Yes,NO,No,No,2,0,1,Yes,Month-to-Month,Yes,bank withdrawal,51.1,1232.9,0.0,0.0,614.02,1846.92,stayed,7246.0,,
7943-RQCHR,Female,34.0,No,No,0.0,United States,california,Davis,95616.0,38.508735,-121.678813,67411.0,Q3,no,0.0,9.0,offer e,YES,10.07,YES,Fiber Optic,26.0,No,No,No,No,Yes,yes,YES,0,2,3,No,Month-to-Month,yes,BANK WITHDRAWAL,94.75,889.9,0.0,30.0,90.63,1010.53,churned,83.0,Competitor,Competitor offered more data
7094-MSZAO,male,55.0,Yes,Yes,3.0,United States,california,oakland,94610.0,37.808731,-122.238708,29964.0,Q3,yes,7.0,10.0,,Yes,13.83,no,,0.0,No,No,No,no,No,No,no,0,0,0,No,Month-to-Month,yes,CREDIT CARD,20.05,218.5,0.0,0.0,138.3,356.8,stayed,23.0,,
6210-KBBPI,Male,67.0,No,No,0.0,United States,california,West Covina,91790.0,34.066964,-117.937007,44099.0,Q3,NO,0.0,9.0,,Yes,10.66,YES,Fiber Optic,15.0,No,yes,NO,no,yes,YES,No,0,0,2,Yes,month-to-month,yes,credit card,99.45,919.4,0.0,0.0,95.94,1015.34,churned,93.0,Competitor,Competitor had better devices
1657-DYMBM,male,35.0,Yes,No,0.0,United States,California,temecula,92591.0,33.540604,-117.10909,25655.0,Q3,yes,8.0,53.0,OFFER B,YES,34.46,No,,0.0,No,No,No,No,No,NO,No,0,2,0,No,Two Year,NO,Credit Card,19.9,1110.05,0.0,0.0,1826.38,2936.4300000000003,stayed,61.0,,
3709-OIJEA,Male,51.0,No,no,0.0,United States,california,Geyserville,95441.0,38.731771,-123.064272,2349.0,Q3,No,0.0,26.0,,YES,29.72,No,Fiber Optic,11.0,No,Yes,yes,Yes,No,no,NO,0,0,2,yes,one year,Yes,Bank Withdrawal,85.2,2184.6,7309.0,0.0,772.72,2957.32,stayed,52.0,,
2883-ILGWO,Male,68.0,No,No,0.0,United States,California,Compton,90222.0,,-118.236773,29825.0,Q3,No,0.0,57.0,NONE,Yes,32.12,yes,Fiber Optic,15.0,No,Yes,No,Yes,Yes,Yes,No,0,0,0,no,two year,Yes,BANK WITHDRAWAL,104.9,5913.95,1.69,90.0,1830.84,7833.1,Stayed,75.0,,
1980-KXVPM,Female,68.0,No,No,0.0,United States,CALIFORNIA,EL CENTRO,92243.0,32.770393,-115.60915,43712.0,Q3,No,0.0,3.0,none,yes,23.82,YES,Fiber Optic,30.0,no,no,No,No,No,No,No,0,0,0,Yes,Month-to-Month,yes,credit card,75.05,256.25,0.0,0.0,71.46000000000001,327.71000000000004,Churned,83.0,Competitor,Competitor had better devices
4023-RTIQM,Female,72.0,Yes,no,0.0,UNITED STATES,California,REDCREST,95569.0,40.363446,-123.835041,400.0,Q3,Yes,10.0,31.0,Offer C,No,8332.0,no,dsl,21.0,YES,Yes,YES,No,no,Yes,no,0,0,3,yes,ONE YEAR,Yes,Credit Card,50.4,1580.1,0.0,0.0,0.0,1580.1,Stayed,39.0,,
1866-RZZQS,male,77.0,no,No,0.0,United States,California,REDLANDS,92373.0,34.003243,-117.138286,31230.0,Q3,no,0.0,41.0,offer b,yes,42.06,yes,Fiber Optic,21.0,NO,No,YES,NO,yes,yes,No,2,0,0,yes,month-to-month,Yes,BANK WITHDRAWAL,98.4,4187.75,0.0,0.0,1724.46,5912.21,Churned,91.0,Competitor,Competitor had better devices
4373-MAVJG,female,64.0,Yes,No,0.0,United States,California,San Diego,92117.0,32.825086,-117.199424,56203.0,Q3,Yes,1.0,14.0,Offer D,Yes,13.64,yes,Fiber Optic,9.0,No,yes,No,No,No,Yes,YES,0,0,0,yes,Month-to-Month,Yes,Bank Withdrawal,90.9,1259.0,0.0,0.0,190.96,1449.96,Churned,70.0,Competitor,Competitor made better offer
2225-ZRGSG,female,38.0,YES,No,0.0,UNITED STATES,California,Piru,93040.0,34.432843,-118.730106,1459.0,q3,Yes,1.0,70.0,OFFER A,yes,5.48,YES,Fiber Optic,14.0,Yes,yes,yes,Yes,No,No,No,0,0,0,Yes,Two Year,No,Bank Withdrawal,93.9,6579.05,0.0,0.0,383.6,6962.650000000001,CHURNED,95.0,Price,Long distance charges
2239-CFOUJ,Male,27.0,Yes,Yes,2.0,United States,California,Trinidad,95570.0,41.162295,-124.027381,2369.0,Q3,Yes,3.0,1.0,,Yes,27.5,NO,,0.0,No,No,NO,NO,No,No,no,0,3,0,No,One Year,no,Credit Card,20.4,20.4,0.0,0.0,27.5,47.9,Joined,54.0,,
6797-UCJHZ,Female,74.0,Yes,No,0.0,United States,california,simi valley,93065.0,34.269449,-118.768471,64802.0,q3,Yes,7.0,66.0,Offer A,YES,25.51,Yes,Fiber Optic,15.0,No,yes,Yes,no,Yes,Yes,NO,1,0,0,yes,ONE YEAR,No,Credit Card,104.6,6819.45,0.0,0.0,1683.66,8503.11,Stayed,27.0,,
6982-sshfk,Male,45.0,No,No,0.0,United States,California,Fresno,93703.0,36.768774,-119.762633,31180.0,q3,no,0.0,1.0,offer e,Yes,32.44,No,dsl,12.0,NO,No,No,no,No,No,No,3,0,3,Yes,Month-to-Month,no,mailed check,44.4,44.4,0.0,0.0,32.44,76.84,churned,89.0,Competitor,Competitor had better devices
6953-PBDIN,male,50.0,Yes,no,0.0,UNITED STATES,California,Fort Bidwell,96112.0,41.932207,-120.135941,231.0,Q3,Yes,4.0,70.0,Offer A,yes,38.58,Yes,DSL,25.0,NO,Yes,Yes,yes,Yes,NO,No,0,2,0,No,Two Year,no,Bank Withdrawal,3998.95,5265.55,0.0,60.0,2700.6,8026.15,Stayed,70.0,,
1074-AMIOH,FEMALE,38.0,Yes,Yes,2.0,United States,CALIFORNIA,san francisco,94127.0,37.736535,-122.45732,20643.0,q3,Yes,1.0,53.0,,Yes,43.39,no,Fiber Optic,29.0,No,Yes,Yes,Yes,Yes,Yes,Yes,0,0,0,Yes,month-to-month,YES,Bank Withdrawal,108.25,5935.1,,0.0,2299.67,8234.77,Stayed,73.0,,
7684-XSZIY,male,53.0,Yes,Yes,3.0,UNITED STATES,California,Loomis,95650.0,38.809175,-121.171375,11191.0,Q3,Yes,3.0,72.0,Offer A,yes,20.42,Yes,,0.0,NO,No,No,NO,No,no,No,0,0,2,No,TWO YEAR,NO,BANK WITHDRAWAL,24.3,1643.25,0.0,0.0,1470.2400000000002,3113.49,Stayed,43.0,,
9253-QXKBE,male,73.0,Yes,NO,0.0,United States,california,Morgan Hill,95037.0,37.161544,-121.649371,41707.0,q3,Yes,1.0,29.0,none,Yes,6.25,Yes,Fiber Optic,21.0,no,no,No,NO,Yes,Yes,No,0,0,0,Yes,Month-to-Month,yes,Bank Withdrawal,94.45,2653.65,0.0,0.0,181.25,2834.9,Churned,71.0,Competitor,Competitor had better devices
6818-WOBHJ,Female,70.0,yes,No,0.0,united states,California,Fulton,95439.0,38.493888,-122.777141,476.0,q3,Yes,1.0,68.0,OFFER A,yes,24.13,Yes,Fiber Optic,24.0,NO,Yes,No,No,No,yes,no,0,0,0,YES,Month-to-Month,Yes,Bank Withdrawal,89.6,6127.6,0.0,0.0,1640.84,7768.44,Churned,69.0,Competitor,Competitor had better devices
9501-UKKNL,Male,43.0,No,No,0.0,United States,California,DIAMOND BAR,91765.0,33.992416,-117.807874,46532.0,Q3,No,0.0,59.0,,no,0.0,no,DSL,7.0,No,no,no,Yes,Yes,Yes,yes,0,0,0,yes,month-to-month,Yes,bank withdrawal,51.7,3005.8,0.0,0.0,0.0,3005.8,Stayed,30.0,,
1136-XGEQU,Female,53.0,Yes,No,0.0,united states,California,WINCHESTER,92596.0,33.657433,-117.04254,4093.0,Q3,Yes,9.0,50.0,Offer B,Yes,46.49,yes,dsl,11.0,NO,Yes,Yes,yes,yes,yes,Yes,2,0,0,yes,ONE YEAR,Yes,Credit Card,84.15,4164.4,0.0,0.0,2324.5,6488.9,Stayed,43.0,,
9896-UYMIE,Male,27.0,No,no,1597.0,united states,California,VALLEY FORD,94972.0,38.339996,-122.935056,66.0,Q3,No,0.0,66.0,offer a,yes,4.32,Yes,Fiber Optic,73.0,Yes,Yes,Yes,yes,YES,yes,Yes,0,0,3,yes,One Year,yes,bank withdrawal,114.3,7383.7,0.0,0.0,285.12,7668.82,stayed,52.0,,
2845-KDHVX,female,57.0,YES,NO,0.0,united states,California,Sheridan,95681.0,38.984756,-121.345074,1219.0,Q3,YES,9.0,64.0,none,Yes,23.29,No,DSL,25.0,No,yes,Yes,yes,NO,Yes,Yes,0,0,0,Yes,TWO YEAR,Yes,Credit Card,68.3,4378.8,0.0,0.0,1490.56,5869.360000000001,Stayed,31.0,,
2027-FECZV,male,44.0,No,No,0.0,united states,CALIFORNIA,bodfish,93205.0,35.523991,-118.400432,1954.0,q3,no,0.0,12.0,NONE,Yes,25.19,Yes,Fiber Optic,12.0,No,yes,YES,No,yes,Yes,Yes,0,0,0,Yes,Month-to-Month,Yes,Bank Withdrawal,106.7,1253.9,0.0,0.0,302.28000000000003,1556.18,Churned,92.0,Attitude,Attitude of support person
7752-XUSCI,Female,20.0,No,No,0.0,united states,California,crestline,92325.0,34.248061,-117.29028,10484.0,Q3,No,0.0,60.0,,YES,10.7,yes,Fiber Optic,71.0,No,yes,yes,No,Yes,Yes,YES,0,0,2,yes,Month-to-Month,Yes,Bank Withdrawal,105.9,6396.45,0.0,0.0,642.0,7038.45,Churned,84.0,Other,Don't know
0723-DRCLG,female,73.0,Yes,No,0.0,United States,California,Fallbrook,92028.0,33.362575,-117.299644,42239.0,Q3,Yes,1.0,1.0,,yes,31.27,yes,Fiber Optic,11.0,No,NO,no,NO,no,no,no,1,0,0,No,Month-to-Month,Yes,Bank Withdrawal,74.45,74.45,0.0,10.0,31.27,115.72,churned,94.0,Other,Don't know
8292-itgyj,female,48.0,YES,YES,1.0,United States,California,CAMPO SECO,95226.0,38.233879,-120.861666,75.0,Q3,yes,7.0,45.0,offer b,yes,20.11,Yes,none,0.0,No,No,No,NO,no,No,no,0,0,0,no,Two Year,Yes,Bank Withdrawal,24.65,1138.8,0.0,0.0,904.95,2043.75,Stayed,67.0,,
5304-EFJLP,Male,72.0,Yes,No,0.0,United States,California,los molinos,96055.0,40.059385,-122.091481,3756.0,q3,Yes,4.0,72.0,none,Yes,16.92,yes,FIBER OPTIC,19.0,no,Yes,YES,Yes,Yes,YES,Yes,1,0,1,No,two year,Yes,Bank Withdrawal,111.65,8022.85,0.0,110.0,1218.2400000000002,9351.09,Stayed,36.0,,
4837-PZTIC,Female,54.0,No,No,0.0,United States,CALIFORNIA,Torrance,90504.0,33.867257,-118.330794,31678.0,Q3,no,0.0,47.0,Offer B,No,0.0,No,CABLE,23.0,YES,No,Yes,Yes,No,No,No,3,3,2,Yes,TWO YEAR,NO,Credit Card,41.9,1875.25,0.0,0.0,0.0,1875.25,STAYED,45.0,,
7240-FQLHE,Female,68.0,yes,No,0.0,United States,CALIFORNIA,San Diego,92114.0,32.707892,-117.05512,66838.0,q3,Yes,1.0,18.0,,yes,25.27,YES,Fiber Optic,15.0,No,No,No,yes,Yes,Yes,NO,0,0,1,YES,Month-to-Month,No,bank withdrawal,99.75,1836.25,0.0,0.0,454.86,2291.11,Churned,68.0,Attitude,Attitude of support person
3197-NNYNB,Male,47.0,No,NO,0.0,united states,California,Jolon,93928.0,35.930782,-121.189757,254.0,Q3,no,0.0,65.0,Offer B,Yes,27.75,Yes,FIBER OPTIC,30.0,NO,YES,Yes,no,yes,YES,YES,2,0,0,Yes,Two Year,No,credit card,105.1,6631.85,0.0,0.0,1803.75,8435.6,Stayed,28.0,,
5804-hyiez,Male,40.0,Yes,Yes,1.0,United States,california,winterhaven,92283.0,32.852947,-114.850784,3663.0,Q3,Yes,1.0,70.0,Offer A,Yes,40.28,Yes,Fiber Optic,13.0,Yes,Yes,no,NO,Yes,yes,yes,0,0,2,Yes,Month-to-Month,Yes,Bank Withdrawal,106.05,7554.05,0.0,0.0,2819.6,10373.65,Stayed,30.0,,
7426-RHZGU,MALE,41.0,No,No,0.0,United States,California,Oakland,94603.0,37.739113,-122.175602,31392.0,q3,No,0.0,9.0,none,Yes,30.8,no,Fiber Optic,3.0,No,no,No,Yes,Yes,Yes,Yes,2,0,0,yes,MONTH-TO-MONTH,yes,Bank Withdrawal,95.9,827.45,0.0,0.0,277.2,1104.65,Stayed,66.0,,
3546-gheae,male,29.0,No,no,0.0,United States,CALIFORNIA,Blythe,92225.0,33.674583,-114.71612,24659.0,Q3,no,0.0,7.0,none,Yes,9.43,No,none,0.0,No,No,no,No,no,no,No,0,0,0,No,Two Year,no,Credit Card,19.45,165.35,0.0,0.0,66.00999999999999,4949.36,Stayed,42.0,,
6549-NNDYT,FEMALE,59.0,No,No,0.0,united states,California,Fresno,93720.0,36.878709,-119.7645,45087.0,Q3,No,0.0,13.0,,no,0.0,NO,Cable,7.0,Yes,NO,No,no,No,no,NO,0,0,0,Yes,Month-to-Month,Yes,bank withdrawal,30.85,394.1,0.0,0.0,0.0,394.1,STAYED,38.0,,
5678-VFNEQ,Female,19.0,Yes,NO,0.0,United States,California,rocklin,95677.0,38.7904,-121.236973,21510.0,Q3,Yes,8.0,71.0,OFFER A,yes,4.39,Yes,FIBER OPTIC,82.0,Yes,No,yes,No,yes,yes,Yes,0,0,0,Yes,ONE YEAR,yes,credit card,104.1,7412.25,0.0,0.0,311.69,7723.94,Stayed,45.0,,
7945-HLKEA,female,29.0,No,No,0.0,United States,California,Half Moon Bay,94019.0,37.45567,-122.407992,17929.0,Q3,No,0.0,60.0,none,Yes,37.95,yes,DSL,27.0,YES,No,Yes,YES,no,No,NO,2,0,0,No,ONE YEAR,No,BANK WITHDRAWAL,64.75,4039.5,0.0,120.0,2277.0,6436.5,stayed,25.0,,
2962-XPMCQ,Male,56.0,NO,No,0.0,united states,California,sacramento,95828.0,38.486938,-121.395805,54880.0,q3,no,0.0,2.0,OFFER E,yes,6.47,No,DSL,21.0,No,No,No,No,NO,No,no,0,0,2,Yes,month-to-month,yes,Bank Withdrawal,45.15,98.5,0.0,0.0,12.94,111.44,Churned,81.0,Competitor,Competitor offered higher download speeds
2229-DPMBI,Female,19.0,Yes,YES,2.0,UNITED STATES,CALIFORNIA,Blairsden Graeagle,96103.0,39.783747,,1839.0,Q3,Yes,10.0,8.0,none,YES,13.21,No,NONE,0.0,No,no,no,NO,No,No,NO,0,2,0,No,Two Year,NO,Credit Card,19.5,162.15,0.0,0.0,105.68,267.83000000000004,Stayed,58.0,,
7030-NJVDP,male,36.0,Yes,No,0.0,UNITED STATES,california,San Quentin,94964.0,37.942551,-122.491642,6448.0,Q3,Yes,2.0,24.0,,yes,10.23,No,fiber optic,8.0,YES,No,NO,yes,no,Yes,Yes,1,1,0,YES,month-to-month,Yes,Bank Withdrawal,89.25,2210.2,0.0,0.0,245.52,2455.72,stayed,77.0,,
5360-xgyaz,Male,32.0,Yes,yes,1.0,UNITED STATES,California,Los Angeles,90040.0,33.994524,-118.149953,9805.0,Q3,Yes,1.0,72.0,,NO,0.0,No,DSL,16.0,Yes,Yes,Yes,yes,Yes,yes,yes,0,0,0,No,Two Year,Yes,Bank Withdrawal,65.65,4664.5,0.0,60.0,0.0,4724.5,Stayed,47.0,,
9651-GTSAQ,female,44.0,Yes,No,0.0,United States,California,CORNING,96021.0,39.913777,-122.289984,13840.0,Q3,Yes,1.0,53.0,,Yes,30.09,no,FIBER OPTIC,11.0,Yes,yes,Yes,No,Yes,Yes,Yes,0,0,2,Yes,One Year,Yes,BANK WITHDRAWAL,106.1,5769.75,0.0,0.0,1594.77,7364.52,Churned,94.0,Attitude,Attitude of support person
5740-yhgtw,Male,62.0,Yes,yes,3.0,United States,CALIFORNIA,Los Angeles,90041.0,247.137412,-118.207607,27866.0,Q3,Yes,8.0,70.0,,Yes,32.38,Yes,fiber optic,53.0,Yes,yes,no,NO,yes,NO,No,0,0,3,Yes,Month-to-Month,Yes,Credit Card,97.55,6669.05,0.0,0.0,2266.6000000000004,8935.650000000001,Stayed,49.0,,
6015-VVHHE,Female,68.0,NO,No,0.0,United States,California,Los Angeles,90039.0,34.110845,-118.259595,29310.0,Q3,no,0.0,5.0,,yes,41.83,Yes,fiber optic,25.0,No,no,No,No,YES,no,No,0,0,0,Yes,Month-to-Month,YES,Credit Card,83.15,446.05,0.0,0.0,209.15,655.2,Churned,96.0,Dissatisfaction,Service dissatisfaction
3027-ynwzu,female,44.0,yes,No,0.0,united states,CALIFORNIA,San Ramon,94583.0,37.766556,-121.976784,44078.0,Q3,Yes,5.0,64.0,Offer B,Yes,6.81,Yes,NONE,0.0,no,No,No,No,NO,NO,no,1,3,0,NO,Two Year,No,Credit Card,25.0,1584.8,0.0,0.0,435.84,2020.64,Stayed,61.0,,
8982-NHAVY,MALE,23.0,No,no,0.0,United States,California,Littlerock,93543.0,34.505273,-117.955054,11198.0,Q3,NO,0.0,27.0,Offer C,Yes,8.86,yes,Fiber Optic,73.0,No,No,Yes,No,Yes,Yes,Yes,0,0,0,NO,One Year,Yes,Bank Withdrawal,100.5,2673.45,0.0,70.0,239.22,2982.67,Stayed,50.0,,
